|LlegadaLaboratorio|LlegadaEPS|AtencionEnCajaLaboratorio|AtencionEnCajaEPS|PagosLaboratorio|PagosEPS|TomaMuestras|AtencionMedico
0|0.92|2.06|2.95|0.18|2.0|1.0|5.24|9.951
1|1.47|0.4|3.34|3.41|4.0|2.0|7.98|9.678
2|1.09|2.0|3.43|0.9|4.0|2.0|5.31|7.126
3|2.45|0.26|4.21|2.08|4.0|2.0|6.83|9.721
4|1.91|10.85|2.91|2.49|2.0|2.0|5.85|10.369
5|1.57|1.16|2.88|1.19|3.0|3.0|8.05|7.918
6|8.72|0.63|3.45|9.69|4.0|2.0|4.91|9.953
7|0.14|5.4|3.21|1.92|3.0|5.0|6.67|8.201
8|1.38|0.86|2.63|7.38|4.0|2.0|6.47|8.356
9|0.18|1.48|1.9|0.26|4.0|2.0|5.61|8.415
10|1.42|0.6|2.39|0.37|3.0|2.0|6.07|8.096
11|1.14|1.32|2.28|7.74|3.0|4.0|5.37|6.522
12|5.01|2.86|2.49|4.78|2.0|2.0|7.5|8.01
13|2.94|5.0|3.02|3.11|2.0|2.0|7.21|10.804
14|1.66|0.91|4.26|8.02|2.0|1.0|10.75|10.083
15|2.68|0.16|2.71|8.83|2.0|3.0|8.39|9.238
16|1.69|3.45|3.08|7.95|2.0|2.0|7.98|9.259
17|0.14|3.51|3.35|3.8|3.0|3.0|5.5|9.075
18|0.51|2.14|1.5|1.76|2.0|4.0|4.34|9.73
19|3.64|0.19|3.34|26.29|4.0|3.0|8.39|6.503
20|1.46|2.35|3.09|4.88|2.0|3.0|6.65|9.881
21|0.81|0.46|3.8|5.15|3.0|3.0|4.78|6.715
22|5.77|4.43|4.05|2.04|4.0|2.0|11.18|10.076
23|0.03|0.2|3.72|9.04|3.0|4.0|3.88|9.669
24|0.07|0.39|3.36|1.07|4.0|5.0|8.96|6.092
25|3.07|1.04|3.3|0.32|1.0|2.0|8.88|8.645
26|3.32|0.67|3.29|14.01|2.0|4.0|7.26|11.026
27|3.13|0.4|3.82|1.44|1.0|4.0|10.05|8.941
28|2.42|1.09|4.62|3.79|2.0|3.0|9.02|7.322
29|0.03|1.16|3.43|6.8|3.0|4.0|7.5|8.622
30|1.3|2.59|3.27|3.36|3.0|4.0|9.71|8.147
31|1.88|12.07|1.91|3.18|2.0|2.0|8.53|8.741
32|5.79|8.77|1.98|1.65|2.0|2.0|6.83|10.767
33|6.37|9.12|2.46|0.26|3.0|2.0|9.0|9.664
34|0.72|0.03|3.82|12.7|2.0|3.0|6.99|10.089
35|1.53|10.92|3.42|2.24|2.0|2.0|7.04|8.119
36|1.15|0.59|1.19|4.3|2.0|2.0|10.25|9.959
37|3.93|0.27|3.5|12.28|2.0|4.0|5.76|7.479
38|9.51|2.28|1.98|0.05|2.0|3.0|8.59|8.008
39|0.69|6.08|4.26|0.77|4.0|3.0|3.92|9.49
40|6.3|0.15|3.69|15.27|4.0|4.0|4.9|8.184
41|5.79|0.66|3.24|2.26|2.0|2.0|6.56|9.077
42|2.51|1.93|2.55|0.69|3.0|2.0|6.97|10.29
43|0.5|0.45|3.76|3.49|2.0|3.0|8.39|9.88
44|1.8|3.18|3.48|1.96|1.0|3.0|8.52|7.585
45|1.1|1.81|2.7|0.39|3.0|2.0|9.03|10.651
46|1.85|0.57|2.77|18.51|3.0|2.0|6.28|9.636
47|3.03|0.74|3.94|1.35|3.0|4.0|8.1|6.657
48|1.45|1.2|3.76|2.59|3.0|3.0|4.63|6.771
49|1.6|1.28|2.26|4.53|2.0|2.0|5.97|8.734
50|1.19|0.68|3.43|28.81|4.0|3.0|9.11|7.528
51|0.4|5.59|2.0|4.4|2.0|2.0|6.9|7.313
52|4.17|2.42|1.2|15.78|3.0|2.0|7.16|6.41
53|0.15|1.94|3.13|1.17|2.0|2.0|6.93|9.667
54|1.6|2.43|1.06|0.97|4.0|2.0|5.98|10.192
55|3.04|0.97|4.08|1.37|3.0|2.0|3.55|8.219
56|2.9|1.18|2.68|0.64|2.0|2.0|7.33|8.323
57|2.29|5.99|2.0|1.02|3.0|3.0|5.31|8.926
58|0.01|0.29|3.91|4.85|4.0|3.0|9.53|9.477
59|0.97|10.22|3.51|1.92|2.0|4.0|6.14|9.728
60|1.09|6.29|1.86|10.63|2.0|3.0|9.77|7.894
61|5.11|12.67|1.59|14.7|2.0|2.0|6.7|7.254
62|0.75|0.11|3.94|8.86|2.0|4.0|6.15|6.685
63|0.02|0.61|3.76|1.67|2.0|4.0|9.11|9.899
64|1.04|4.46|2.35|2.47|2.0|4.0|7.08|7.86
65|4.55|1.28|3.46|13.19|2.0|2.0|6.18|11.416
66|0.5|0.31|3.05|4.59|2.0|2.0|4.91|10.46
67|0.1|0.95|3.73|0.84|3.0|4.0|8.27|10.902
68|1.08|2.72|3.08|8.19|2.0|4.0|7.79|10.431
69|4.78|6.25|3.57|15.53|2.0|2.0|6.57|9.196
70|5.15|1.64|4.76|2.33|3.0|4.0|8.02|10.716
71|3.31|2.01|3.31|2.02|2.0|2.0|7.57|9.276
72|12.38|1.35|2.87|0.04|2.0|3.0|5.69|7.311
73|2.42|0.66|3.78|10.3|3.0|3.0|5.84|10.326
74|4.33|1.97|1.97|2.36|1.0|3.0|6.61|11.052
75|0.21|1.24|5.74|3.57|1.0|3.0|11.83|8.107
76|0.99|3.56|2.1|4.33|3.0|2.0|3.21|6.54
77|0.54|4.99|4.97|8.69|3.0|2.0|7.19|8.392
78|0.06|0.79|3.53|5.02|4.0|2.0|7.78|8.544
79|1.49|4.23|1.52|6.92|2.0|1.0|7.84|6.636
80|1.6|1.96|2.79|0.55|2.0|3.0|9.1|6.408
81|2.25|1.86|0.12|0.61|3.0|4.0|3.95|8.821
82|0.51|2.37|2.61|0.02|1.0|1.0|7.75|9.119
83|3.25|0.89|3.43|3.45|2.0|4.0|5.47|9.74
84|0.38|0.54|3.57|6.49|2.0|3.0|7.06|8.221
85|1.78|1.05|1.19|13.26|2.0|3.0|8.49|7.964
86|2.77|0.7|4.38|0.81|2.0|4.0|6.04|11.256
87|3.69|3.61|3.12|7.49|2.0|2.0|7.9|11.545
88|0.76|0.09|3.54|1.06|2.0|3.0|8.98|10.501
89|4.79|1.67|1.1|0.88|4.0|2.0|6.88|8.89
90|0.25|1.74|1.58|4.69|2.0|4.0|8.85|9.762
91|0.01|3.05|2.94|5.22|1.0|5.0|8.94|8.661
92|2.46|0.53|1.64|6.62|3.0|2.0|8.77|10.602
93|0.72|6.66|2.63|1.14|1.0|2.0|7.45|10.177
94|8.17|5.18|4.05|1.0|2.0|1.0|8.32|7.807
95|4.11|0.62|4.01|2.46|4.0|3.0|10.68|7.625
96|0.26|0.78|2.57|13.76|5.0|3.0|4.79|7.069
97|0.69|2.29|1.28|1.2|2.0|3.0|7.3|8.315
98|5.44|0.01|2.94|7.32|1.0|2.0|9.83|10.636
99|2.88|1.39|2.26|7.42|2.0|2.0|5.86|9.692
100|0.24|0.26|5.91|5.41|2.0|2.0|8.43|9.657
101|2.13|1.84|3.18|1.45|2.0|2.0|7.42|9.375
102|6.6|2.89|1.92|8.71|4.0|3.0|8.32|11.113
103|2.47|0.53|4.92|0.41|1.0|2.0|8.72|8.883
104|2.75|0.51|2.4|3.77|2.0|3.0|7.44|8.515
105|0.58|4.97|1.64|10.77|2.0|4.0|6.71|8.365
106|6.32|0.29|3.4|0.39|2.0|2.0|9.12|8.918
107|0.67|0.98|4.31|8.98|2.0|4.0|7.17|9.883
108|1.98|3.27|2.78|23.52|4.0|4.0|12.08|8.923
109|11.15|1.85|3.1|0.03|4.0|2.0|9.21|7.699
110|3.07|0.42|1.97|17.92|3.0|2.0|4.23|9.487
111|3.67|0.85|4.13|6.02|2.0|3.0|6.4|6.143
112|0.11|1.54|4.89|10.68|3.0|1.0|7.94|10.325
113|3.7|7.75|3.73|1.24|2.0|4.0|6.25|10.406
114|2.1|1.69|1.17|3.79|3.0|3.0|8.99|9.349
115|2.96|3.58|3.46|3.98|3.0|2.0|7.15|11.248
116|1.88|1.74|2.04|1.35|2.0|2.0|6.58|7.982
117|1.08|2.28|2.32|7.17|2.0|2.0|5.39|6.968
118|4.07|0.63|2.33|4.28|2.0|4.0|6.8|7.906
119|1.28|0.67|1.98|4.39|3.0|2.0|7.28|10.015
120|0.91|4.4|5.25|3.49|4.0|4.0|5.48|10.482
121|0.53|0.2|3.47|0.79|2.0|2.0|7.42|10.28
122|0.07|1.97|1.26|8.78|3.0|2.0|6.95|9.111
123|4.59|1.77|3.26|5.81|2.0|3.0|6.06|8.369
124|9.89|0.43|2.42|6.31|2.0|4.0|7.07|6.143
125|1.38|3.32|2.38|5.09|2.0|2.0|6.35|8.72
126|0.12|0.07|2.71|7.59|4.0|4.0|5.03|6.976
127|2.81|2.6|4.48|0.59|5.0|2.0|8.89|9.02
128|1.97|2.08|3.04|3.08|2.0|2.0|8.59|11.048
129|4.0|3.63|1.6|21.04|4.0|2.0|7.58|10.397
130|9.74|1.28|3.86|6.99|4.0|4.0|6.44|7.296
131|2.7|4.17|1.63|13.88|3.0|2.0|7.9|9.597
132|2.23|6.08|2.71|0.36|3.0|2.0|2.58|11.601
133|0.88|0.87|1.89|4.03|2.0|2.0|4.53|10.392
134|0.83|5.73|3.31|5.14|2.0|5.0|8.24|7.879
135|3.39|0.83|3.1|1.33|1.0|1.0|4.55|9.413
136|0.4|3.01|1.11|6.7|2.0|2.0|5.35|11.393
137|13.0|0.87|2.36|7.38|2.0|2.0|7.38|5.742
138|2.37|0.29|4.5|3.43|4.0|3.0|9.14|9.557
139|0.49|3.87|2.05|4.37|3.0|4.0|7.88|6.485
140|0.82|1.23|3.79|8.03|1.0|2.0|8.85|8.549
141|2.5|0.69|4.05|6.61|2.0|2.0|8.41|8.834
142|0.84|2.86|2.33|6.06|2.0|4.0|10.35|10.037
143|4.94|1.52|3.49|1.32|3.0|4.0|9.29|8.685
144|1.6|1.04|2.75|0.58|4.0|2.0|4.95|9.631
145|0.38|0.26|2.27|0.92|3.0|4.0|7.5|10.189
146|5.06|0.05|1.97|6.19|2.0|2.0|5.31|10.307
147|1.18|1.4|1.58|3.74|4.0|2.0|6.59|5.841
148|0.89|0.49|3.5|2.52|3.0|3.0|5.51|8.451
149|4.13|0.59|2.04|7.77|2.0|3.0|7.51|6.875
150|2.48|1.42|2.79|8.15|5.0|3.0|11.42|10.927
151|2.35|2.3|1.7|0.6|3.0|4.0|8.6|9.93
152|0.73|2.45|4.32|1.89|4.0|4.0|5.6|7.447
153|3.85|4.12|4.79|6.31|3.0|2.0|7.2|6.39
154|0.3|0.54|1.31|3.74|2.0|2.0|6.7|6.904
155|1.44|1.15|4.8|12.98|2.0|3.0|6.54|8.081
156|0.26|0.11|2.8|3.4|5.0|2.0|5.22|10.403
157|0.54|0.6|1.16|3.94|2.0|4.0|4.8|9.739
158|1.33|1.31|4.71|1.85|2.0|3.0|3.04|10.865
159|3.1|0.64|2.95|6.49|1.0|4.0|8.13|8.682
160|0.81|1.8|2.53|5.76|3.0|3.0|6.25|7.939
161|2.38|5.45|4.17|4.59|3.0|4.0|10.18|8.449
162|1.46|2.06|3.21|0.46|2.0|3.0|10.41|8.214
163|0.49|10.66|4.54|3.59|4.0|3.0|7.04|9.548
164|6.12|3.83|2.38|3.51|1.0|3.0|7.68|6.511
165|0.23|0.52|3.24|14.3|2.0|2.0|6.62|9.489
166|0.51|0.41|2.83|5.55|5.0|2.0|12.26|10.612
167|2.2|1.31|2.51|7.88|2.0|1.0|4.79|10.053
168|4.01|0.61|0.84|12.65|4.0|1.0|5.84|8.524
169|0.51|1.54|2.13|0.88|3.0|4.0|9.4|10.774
170|3.05|0.89|3.82|20.56|4.0|3.0|8.91|10.476
171|2.03|0.81|2.1|5.71|1.0|4.0|6.69|8.793
172|4.12|1.41|3.79|16.22|2.0|2.0|7.84|9.181
173|0.21|1.15|2.96|0.34|1.0|2.0|11.72|6.929
174|0.88|1.28|2.01|10.37|3.0|3.0|5.2|10.775
175|0.21|1.39|2.17|1.59|4.0|3.0|7.24|9.44
176|1.95|5.72|1.25|0.04|3.0|3.0|6.28|9.966
177|1.42|4.48|2.11|9.16|3.0|2.0|6.23|7.434
178|1.24|7.54|2.75|1.95|2.0|4.0|8.78|6.271
179|0.8|2.17|1.55|12.56|2.0|2.0|4.6|8.825
180|0.58|1.3|3.33|25.14|2.0|2.0|8.64|8.402
181|0.3|0.32|3.62|0.54|3.0|3.0|7.31|9.438
182|4.66|2.53|3.76|12.17|5.0|2.0|9.44|11.049
183|5.08|0.6|1.39|5.6|2.0|3.0|8.01|10.474
184|6.3|0.12|3.57|8.17|2.0|2.0|8.36|6.951
185|3.28|0.1|4.18|16.79|2.0|4.0|7.38|9.65
186|0.98|2.5|3.98|3.04|4.0|3.0|7.69|9.184
187|1.88|2.54|0.99|10.92|3.0|4.0|9.92|9.979
188|0.48|0.47|2.41|3.34|2.0|2.0|3.72|7.654
189|0.29|3.94|3.12|2.4|3.0|1.0|7.47|8.602
190|0.74|2.65|2.54|2.25|2.0|4.0|10.95|8.984
191|0.69|0.08|4.07|0.77|4.0|4.0|5.52|9.066
192|5.49|3.24|3.34|7.11|3.0|1.0|6.98|10.887
193|1.22|5.83|2.53|3.71|3.0|2.0|5.71|9.347
194|0.9|4.65|3.93|0.84|2.0|2.0|5.09|6.389
195|2.82|0.82|1.77|0.74|2.0|3.0|2.94|7.908
196|0.22|0.98|2.11|7.01|4.0|1.0|9.34|9.526
197|0.7|3.02|1.78|0.02|3.0|2.0|6.79|9.891
198|0.14|4.61|3.47|1.67|3.0|4.0|5.63|9.013
199|1.21|3.31|4.57|2.3|3.0|1.0|6.83|10.516
200|3.9|7.13|3.12|1.84|2.0|3.0|6.58|10.178
201|2.68|4.76|2.45|9.89|2.0|2.0|8.31|8.861
202|0.18|1.6|5.79|7.1|4.0|2.0|6.55|11.65
203|1.21|3.29|4.43|0.2|2.0|3.0|7.09|10.931
204|0.1|0.46|3.86|4.56|3.0|1.0|7.02|7.21
205|2.4|3.06|1.16|5.45|2.0|2.0|7.95|8.34
206|1.42|0.3|3.04|3.08|2.0|4.0|9.21|10.427
207|1.48|1.49|1.64|1.16|2.0|2.0|8.61|7.98
208|1.09|1.02|2.32|10.06|3.0|2.0|7.01|7.582
209|1.89|2.33|3.3|13.72|2.0|3.0|6.85|6.133
210|7.43|0.24|2.55|1.53|4.0|3.0|7.94|10.586
211|0.32|1.14|2.36|5.82|2.0|3.0|6.82|7.862
212|0.11|2.67|2.48|7.92|4.0|2.0|9.63|9.327
213|0.08|0.27|2.04|4.43|3.0|3.0|7.82|7.68
214|1.61|6.1|2.03|1.68|4.0|2.0|9.27|8.879
215|0.79|1.16|4.5|4.62|4.0|3.0|10.21|8.131
216|0.44|1.64|2.62|2.81|3.0|2.0|3.36|8.449
217|4.48|1.84|3.27|9.58|2.0|3.0|8.03|9.933
218|6.06|0.75|1.05|5.49|2.0|4.0|9.92|8.627
219|1.08|3.89|2.54|1.42|3.0|3.0|6.8|7.316
220|6.25|0.9|4.62|5.55|3.0|2.0|5.88|9.626
221|2.98|3.08|1.67|11.46|3.0|4.0|9.79|8.927
222|4.22|2.49|3.3|3.69|4.0|2.0|7.01|9.493
223|0.22|1.06|1.46|3.96|2.0|2.0|10.13|7.132
224|1.88|2.0|3.75|23.4|3.0|4.0|4.79|11.385
225|3.8|0.3|2.83|6.73|4.0|4.0|10.22|7.325
226|0.55|3.49|3.02|2.89|2.0|2.0|2.4|7.048
227|0.29|0.8|3.23|2.3|2.0|4.0|7.34|9.603
228|10.72|1.97|3.55|0.92|2.0|3.0|6.23|9.814
229|0.15|0.72|3.68|6.95|4.0|4.0|4.1|9.838
230|0.34|5.07|1.48|9.32|4.0|4.0|7.36|8.644
231|0.01|2.64|2.7|7.68|2.0|2.0|9.75|8.591
232|0.11|1.16|4.42|2.66|4.0|2.0|10.9|8.662
233|0.89|4.27|4.21|19.21|5.0|2.0|9.33|10.32
234|2.49|0.72|3.8|14.16|3.0|2.0|5.56|7.829
235|2.63|1.97|3.03|4.81|1.0|2.0|8.32|8.898
236|0.27|4.01|2.87|3.46|1.0|4.0|4.83|6.373
237|3.97|1.84|2.58|9.49|1.0|1.0|7.2|9.294
238|6.52|3.45|3.56|4.8|4.0|1.0|2.71|9.414
239|0.52|0.86|1.07|5.21|4.0|2.0|6.7|7.169
240|0.53|5.0|3.09|3.93|3.0|4.0|5.95|9.518
241|1.47|1.62|5.56|4.45|2.0|3.0|8.24|7.751
242|2.27|7.38|2.42|5.49|4.0|3.0|7.15|8.359
243|0.12|7.49|1.8|14.93|2.0|3.0|9.97|9.735
244|2.8|0.27|0.82|5.97|4.0|3.0|9.3|11.29
245|0.7|0.87|2.43|0.09|3.0|2.0|7.15|10.613
246|1.61|9.26|1.96|3.43|2.0|3.0|7.06|6.039
247|4.78|3.56|3.38|8.2|3.0|3.0|10.54|11.314
248|5.88|2.34|3.7|2.41|4.0|2.0|7.4|9.489
249|2.01|1.59|2.99|1.25|1.0|2.0|8.13|9.481
250|0.87|5.26|2.55|0.5|3.0|4.0|5.8|8.178
251|0.9|3.2|3.72|4.8|2.0|2.0|6.59|9.959
252|0.0|1.27|3.63|1.86|2.0|3.0|6.85|8.144
253|2.99|1.94|3.54|3.98|2.0|2.0|6.51|7.945
254|1.12|6.22|3.99|4.1|2.0|2.0|6.84|7.551
255|1.58|2.85|2.1|0.37|3.0|2.0|7.63|9.69
256|1.81|1.63|3.51|0.88|2.0|3.0|4.73|7.661
257|0.24|1.8|2.8|8.82|4.0|2.0|6.04|10.524
258|1.34|1.06|2.7|13.98|3.0|3.0|6.94|7.086
259|0.24|2.48|4.35|4.65|1.0|4.0|7.31|9.847
260|2.58|1.37|1.57|13.45|1.0|1.0|6.35|8.009
261|0.93|0.76|1.75|1.31|2.0|2.0|7.63|7.978
262|8.37|4.59|3.09|0.34|3.0|2.0|8.4|7.597
263|2.71|2.48|2.39|1.61|2.0|2.0|7.25|9.753
264|0.34|2.11|3.94|8.35|3.0|5.0|6.73|8.459
265|3.53|2.03|1.72|3.56|3.0|3.0|5.76|11.026
266|3.3|0.91|3.01|0.82|2.0|2.0|3.35|10.759
267|7.19|1.49|2.4|0.22|2.0|2.0|5.04|9.231
268|1.97|0.54|3.86|24.22|2.0|3.0|8.29|8.793
269|15.48|2.21|4.71|6.34|2.0|2.0|6.61|6.843
270|0.36|0.44|6.42|4.28|3.0|3.0|8.7|7.98
271|7.64|3.0|3.21|5.2|2.0|1.0|7.77|8.657
272|0.01|7.52|3.45|9.66|1.0|3.0|8.14|8.762
273|12.3|0.33|1.84|9.52|3.0|4.0|12.62|7.573
274|0.2|1.18|1.88|7.17|3.0|2.0|11.09|8.538
275|0.55|15.42|3.08|2.23|3.0|2.0|7.22|8.07
276|0.65|4.36|3.48|1.94|2.0|4.0|6.54|7.104
277|2.72|2.11|2.34|8.41|2.0|3.0|4.91|8.603
278|3.29|1.33|1.89|0.63|3.0|2.0|9.07|6.204
279|4.19|7.17|3.38|3.85|4.0|2.0|8.16|7.927
280|4.93|0.8|3.24|1.67|1.0|3.0|4.63|10.341
281|2.14|2.97|2.6|2.99|2.0|2.0|1.79|10.752
282|3.55|1.59|1.27|4.5|4.0|2.0|8.87|7.123
283|2.73|0.1|2.14|4.01|2.0|2.0|6.73|9.144
284|1.57|0.5|3.15|0.29|2.0|3.0|2.19|6.368
285|2.78|0.06|3.32|0.31|2.0|2.0|8.36|6.783
286|1.93|3.19|4.88|4.97|3.0|4.0|6.87|11.571
287|1.24|0.27|2.85|6.36|1.0|3.0|9.29|6.699
288|0.62|1.01|2.07|0.09|2.0|3.0|5.58|9.083
289|4.0|6.55|4.03|6.25|2.0|2.0|10.58|8.137
290|1.8|2.12|4.44|3.52|2.0|2.0|6.27|6.594
291|1.65|3.23|2.94|4.4|3.0|3.0|6.72|8.314
292|1.04|3.55|2.3|7.94|4.0|1.0|5.13|8.586
293|0.0|3.03|2.81|0.62|3.0|2.0|9.85|10.3
294|1.63|8.39|4.59|1.35|2.0|3.0|7.98|8.877
295|1.1|12.58|3.13|14.52|1.0|3.0|7.64|9.951
296|1.23|0.65|1.61|6.87|1.0|2.0|4.54|8.017
297|0.52|2.65|2.77|4.6|2.0|3.0|6.1|6.84
298|1.19|2.22|2.95|3.51|3.0|2.0|5.23|9.877
299|4.26|0.39|1.3|5.91|2.0|4.0|10.25|11.237
300|0.88|5.38|3.62|3.8|4.0|3.0|6.15|8.424
301|1.02|2.75|1.66|2.7|4.0|3.0|5.05|10.861
302|0.39|0.32|1.97|4.84|2.0|2.0|6.49|7.292
303|2.21|2.76|1.81|8.32|1.0|2.0|6.81|7.246
304|4.78|2.03|1.41|0.2|2.0|2.0|10.59|11.05
305|4.24|0.09|2.95|9.07|4.0|2.0|5.36|8.12
306|3.51|0.17|3.42|9.51|2.0|5.0|6.21|8.382
307|5.82|0.01|1.86|1.21|3.0|3.0|5.42|8.305
308|5.36|11.93|2.17|1.01|2.0|3.0|7.9|11.38
309|1.3|4.26|-1.17|5.24|5.0|3.0|7.67|7.072
310|0.07|1.42|2.66|11.33|4.0|4.0|10.61|6.754
311|1.11|1.49|2.86|6.01|4.0|3.0|9.17|9.692
312|3.75|0.67|3.35|4.25|4.0|2.0|7.58|7.879
313|1.02|0.87|2.9|3.86|1.0|2.0|2.61|10.318
314|1.12|0.26|4.0|15.8|2.0|2.0|5.77|8.615
315|2.35|1.17|4.4|12.99|2.0|2.0|4.36|9.748
316|1.72|3.53|3.66|4.22|2.0|2.0|7.21|9.215
317|0.14|1.45|3.88|4.62|2.0|2.0|4.1|9.732
318|1.78|2.75|1.16|0.2|2.0|3.0|7.33|10.783
319|0.07|2.61|3.5|0.61|2.0|3.0|8.28|10.972
320|4.02|0.24|4.24|8.82|2.0|3.0|7.26|7.188
321|2.51|1.01|2.84|0.07|3.0|3.0|5.55|11.038
322|0.19|1.08|1.49|1.14|3.0|2.0|8.23|11.056
323|0.83|0.82|2.55|6.03|3.0|5.0|8.31|10.745
324|2.59|1.49|3.07|0.5|2.0|4.0|8.09|7.821
325|0.81|1.88|2.62|0.21|1.0|3.0|11.38|9.186
326|2.06|5.01|3.54|0.69|2.0|2.0|5.96|8.659
327|2.84|0.94|2.22|1.95|2.0|4.0|6.02|7.218
328|0.5|0.27|3.22|1.9|3.0|3.0|6.55|9.995
329|1.12|1.85|2.53|8.07|5.0|4.0|7.71|10.084
330|2.61|1.61|1.46|30.11|2.0|2.0|9.38|10.315
331|3.95|1.14|3.3|0.7|2.0|2.0|8.95|6.995
332|7.28|1.63|3.18|0.05|2.0|3.0|3.49|9.784
333|0.98|0.06|2.51|1.87|3.0|2.0|9.56|9.227
334|2.25|0.84|2.16|10.52|2.0|3.0|5.49|7.962
335|2.48|6.1|3.39|0.31|2.0|2.0|9.18|8.822
336|2.56|1.12|1.09|9.46|3.0|4.0|7.45|9.485
337|5.65|3.35|2.56|3.14|3.0|2.0|8.48|8.069
338|0.7|1.74|1.48|1.76|2.0|3.0|6.68|9.171
339|1.36|2.45|0.88|3.68|2.0|2.0|6.17|8.877
340|10.6|3.07|4.81|3.37|3.0|3.0|4.48|8.658
341|1.3|2.01|4.95|20.57|2.0|2.0|8.25|7.132
342|8.06|2.38|1.42|1.3|2.0|2.0|6.58|9.942
343|1.94|0.37|3.91|8.23|2.0|2.0|8.31|7.095
344|1.14|1.18|2.34|2.21|3.0|4.0|8.01|10.523
345|2.98|1.24|4.63|2.34|3.0|2.0|7.83|9.702
346|0.8|0.29|3.28|2.03|3.0|2.0|7.52|9.401
347|5.76|9.87|3.85|2.78|2.0|2.0|6.35|9.262
348|0.47|0.49|2.27|7.58|1.0|4.0|6.78|7.423
349|1.69|0.84|3.12|0.14|4.0|4.0|4.72|10.111
350|0.23|2.38|3.67|15.52|4.0|3.0|7.44|6.869
351|2.09|1.05|3.06|10.48|5.0|2.0|5.97|8.731
352|3.13|2.29|3.88|4.77|2.0|2.0|7.52|8.022
353|4.31|0.07|2.69|2.27|2.0|2.0|6.75|8.754
354|4.46|1.81|4.09|4.99|2.0|3.0|7.86|10.456
355|2.67|1.6|2.26|0.89|4.0|1.0|6.96|9.999
356|1.09|0.39|4.17|0.85|2.0|2.0|5.24|8.486
357|1.74|0.96|4.28|14.88|2.0|3.0|8.43|9.412
358|1.72|0.1|3.72|11.0|3.0|2.0|11.28|8.534
359|0.06|1.36|2.92|1.78|2.0|4.0|7.45|8.63
360|1.2|2.08|2.81|4.22|2.0|4.0|7.84|10.133
361|0.34|4.59|3.63|0.81|3.0|3.0|6.17|9.777
362|1.22|2.77|4.22|0.51|2.0|1.0|6.64|8.919
363|2.45|1.84|2.77|9.57|2.0|3.0|5.51|9.853
364|3.35|0.11|2.99|0.31|2.0|3.0|4.25|9.415
365|1.7|0.16|3.3|1.21|5.0|2.0|6.44|10.263
366|1.62|0.64|2.81|13.46|2.0|3.0|8.49|9.032
367|2.31|1.18|4.23|8.1|2.0|4.0|6.78|9.388
368|1.83|1.39|1.58|2.56|3.0|3.0|3.84|7.688
369|0.41|0.5|2.5|1.59|2.0|4.0|5.81|10.435
370|2.89|7.32|3.41|10.31|2.0|2.0|6.62|8.649
371|6.49|2.2|3.24|6.84|2.0|2.0|6.8|8.033
372|0.06|8.93|2.5|3.93|3.0|2.0|5.07|9.073
373|11.17|0.51|2.75|12.33|4.0|3.0|7.69|9.79
374|2.23|0.35|3.84|5.79|2.0|4.0|7.35|10.112
375|1.72|4.41|3.33|2.95|3.0|3.0|7.7|11.717
376|0.22|0.23|3.9|0.55|4.0|2.0|10.44|10.676
377|4.7|1.11|2.75|0.15|2.0|2.0|7.89|8.458
378|1.37|0.47|2.77|1.16|3.0|3.0|8.53|10.161
379|2.73|1.5|2.87|3.55|2.0|4.0|3.95|7.023
380|0.57|7.17|3.04|20.64|3.0|4.0|6.23|9.172
381|3.41|1.83|2.41|0.65|4.0|3.0|10.01|8.835
382|1.85|6.05|2.73|8.81|3.0|2.0|5.99|10.44
383|0.78|5.07|2.71|19.22|2.0|1.0|3.5|6.409
384|0.05|0.92|2.76|4.85|4.0|2.0|5.21|8.79
385|0.42|6.35|2.27|8.49|2.0|3.0|5.2|8.042
386|2.93|3.43|2.67|13.09|3.0|3.0|6.57|8.115
387|2.54|0.85|2.12|0.53|2.0|1.0|6.92|10.193
388|3.99|1.13|3.29|4.66|4.0|2.0|5.65|6.278
389|8.53|0.1|1.84|7.42|2.0|3.0|6.55|7.354
390|1.0|0.03|0.54|0.34|2.0|4.0|8.55|11.584
391|1.44|2.62|3.44|8.43|1.0|3.0|6.93|7.392
392|8.74|3.17|3.34|0.55|3.0|3.0|7.99|8.685
393|4.16|0.82|2.59|2.34|4.0|2.0|8.23|5.497
394|0.83|1.94|4.08|0.22|2.0|1.0|1.92|10.759
395|4.1|0.28|1.75|4.19|2.0|1.0|7.18|11.339
396|13.06|4.01|1.82|0.54|4.0|3.0|7.05|10.055
397|0.63|1.01|2.12|1.11|3.0|2.0|6.54|7.839
398|1.16|0.74|2.8|3.11|1.0|2.0|4.27|9.261
399|1.36|0.51|1.36|4.25|3.0|3.0|7.98|7.863
400|0.94|5.11|1.41|1.89|3.0|4.0|6.02|6.404
401|1.07|1.1|1.36|7.64|2.0|2.0|9.88|10.043
402|0.19|0.38|4.46|4.33|1.0|2.0|4.37|6.597
403|0.43|2.37|2.25|2.21|4.0|2.0|5.32|8.494
404|1.18|0.76|2.04|0.56|4.0|3.0|7.17|9.461
405|0.49|2.62|3.64|9.42|2.0|4.0|7.34|10.319
406|2.43|2.08|3.19|3.38|3.0|2.0|7.53|9.25
407|2.59|4.18|1.94|5.17|2.0|2.0|8.17|9.029
408|1.98|4.9|2.62|5.35|2.0|2.0|5.54|8.625
409|2.94|0.06|3.64|2.67|3.0|3.0|6.11|10.94
410|3.7|4.23|2.85|4.5|4.0|4.0|8.95|6.955
411|2.39|3.07|4.27|0.29|1.0|1.0|12.07|8.148
412|0.85|4.47|4.59|0.06|3.0|2.0|9.18|10.732
413|0.4|1.27|3.9|0.93|3.0|3.0|6.85|10.097
414|0.13|3.07|3.02|5.51|2.0|2.0|6.28|7.837
415|2.79|0.89|3.04|6.67|1.0|2.0|9.15|10.436
416|0.68|5.4|3.96|1.66|2.0|4.0|6.79|10.018
417|3.57|5.59|2.19|11.75|3.0|2.0|9.11|10.076
418|1.53|1.43|2.53|0.03|3.0|4.0|3.53|9.787
419|7.56|2.5|2.26|2.5|2.0|2.0|7.42|10.029
420|4.81|2.49|1.89|2.41|4.0|1.0|3.22|6.624
421|1.31|4.15|3.78|5.73|2.0|2.0|5.64|8.821
422|0.1|0.02|4.29|1.03|2.0|2.0|10.84|10.463
423|1.08|0.58|3.28|1.13|2.0|3.0|6.92|9.002
424|0.32|0.73|3.65|2.38|2.0|5.0|5.39|9.952
425|2.92|4.46|2.65|3.47|4.0|2.0|6.93|6.004
426|0.87|0.33|4.21|2.87|3.0|3.0|6.07|10.021
427|0.19|0.24|1.96|5.28|4.0|4.0|1.75|6.142
428|2.98|2.4|1.93|17.18|2.0|3.0|4.67|6.732
429|1.15|0.52|1.91|2.29|4.0|2.0|7.02|6.008
430|8.08|2.14|2.26|1.95|2.0|4.0|6.71|11.61
431|0.0|2.8|3.91|12.6|2.0|1.0|5.92|11.199
432|0.8|11.15|3.59|2.21|3.0|3.0|6.02|6.533
433|3.87|2.97|3.8|18.28|2.0|2.0|6.55|7.361
434|2.75|2.39|3.14|0.89|2.0|2.0|4.87|6.403
435|2.05|5.7|1.82|0.58|2.0|3.0|7.14|9.668
436|3.31|2.75|2.52|0.86|3.0|3.0|4.31|10.014
437|3.38|1.82|2.58|12.46|3.0|2.0|4.62|8.696
438|0.35|1.08|3.02|16.99|2.0|3.0|7.57|10.518
439|0.17|4.28|2.41|16.62|4.0|3.0|8.87|10.373
440|0.78|0.59|3.3|1.84|3.0|2.0|6.11|9.641
441|0.5|3.45|3.83|1.37|3.0|2.0|2.74|9.536
442|0.11|3.61|3.96|9.44|3.0|3.0|7.43|9.096
443|0.8|2.08|3.31|1.04|3.0|2.0|7.21|9.988
444|1.5|0.67|1.12|1.92|2.0|3.0|9.91|7.488
445|1.74|0.47|2.26|3.1|2.0|2.0|9.81|8.73
446|1.61|1.01|2.65|13.25|4.0|2.0|5.95|8.945
447|0.06|0.14|2.75|8.47|3.0|2.0|6.49|11.037
448|1.08|0.15|3.07|4.59|4.0|3.0|2.6|10.349
449|4.16|1.24|3.8|14.12|3.0|3.0|8.99|10.583
450|3.02|1.08|2.23|1.2|1.0|2.0|6.53|9.797
451|0.0|3.15|2.14|1.79|4.0|5.0|6.62|7.121
452|0.05|1.56|4.35|5.07|2.0|1.0|9.91|10.569
453|1.58|1.26|2.02|3.19|4.0|4.0|10.63|10.826
454|3.5|6.54|3.51|10.18|3.0|2.0|6.22|9.813
455|2.94|0.18|3.73|13.69|3.0|2.0|6.34|7.901
456|4.18|1.87|3.8|0.98|3.0|2.0|6.15|9.58
457|0.02|0.12|3.45|5.71|4.0|4.0|10.14|9.093
458|0.58|0.74|4.0|8.92|2.0|2.0|7.32|9.041
459|7.71|9.13|2.82|0.18|4.0|3.0|6.73|7.619
460|0.69|0.34|2.45|5.54|2.0|1.0|7.82|8.679
461|15.58|0.94|4.21|2.82|3.0|3.0|12.36|9.794
462|3.16|1.02|4.7|2.2|4.0|4.0|5.3|10.061
463|2.47|0.66|2.1|9.81|3.0|3.0|7.37|5.087
464|2.6|2.15|2.99|3.36|2.0|2.0|6.05|9.714
465|1.4|0.14|0.49|5.26|3.0|1.0|8.93|9.533
466|0.75|1.49|2.4|3.0|3.0|2.0|6.52|10.981
467|0.64|1.44|1.65|2.2|2.0|2.0|7.95|10.802
468|1.56|2.02|2.95|8.64|2.0|2.0|7.3|10.464
469|0.58|2.21|2.61|5.39|3.0|4.0|4.87|9.635
470|2.41|2.36|3.52|3.53|3.0|2.0|9.6|8.399
471|0.01|1.26|3.62|5.96|3.0|3.0|4.25|11.072
472|0.84|1.86|3.52|0.56|4.0|2.0|10.97|7.898
473|0.9|2.61|2.69|0.18|2.0|1.0|7.96|9.663
474|1.26|0.92|3.29|17.2|2.0|1.0|5.66|9.981
475|2.84|1.99|2.28|0.34|3.0|2.0|6.97|6.483
476|0.9|7.26|3.24|5.62|2.0|4.0|6.68|10.424
477|3.45|3.81|4.08|0.07|2.0|2.0|5.87|10.315
478|2.72|1.58|1.32|1.06|3.0|2.0|6.99|10.856
479|3.31|2.82|2.48|18.06|4.0|3.0|6.34|6.086
480|0.06|0.33|3.56|5.31|2.0|1.0|3.95|10.19
481|2.36|0.88|2.6|25.99|2.0|3.0|3.52|8.03
482|4.01|2.87|2.67|0.1|3.0|5.0|6.93|7.73
483|1.88|0.42|3.75|7.92|2.0|3.0|3.02|10.104
484|0.65|5.57|3.11|4.3|2.0|4.0|3.87|9.805
485|8.05|0.23|2.71|0.94|3.0|3.0|9.89|7.899
486|1.58|1.09|3.35|13.53|3.0|2.0|6.06|10.107
487|5.32|1.78|1.89|2.17|1.0|3.0|6.67|10.389
488|0.96|1.91|3.1|0.86|3.0|4.0|6.83|11.209
489|5.64|2.83|3.06|3.45|2.0|3.0|7.13|8.181
490|0.35|1.64|1.91|12.41|3.0|2.0|5.83|10.641
491|0.68|1.35|2.64|11.94|2.0|3.0|8.77|7.979
492|0.36|11.0|2.31|5.87|2.0|3.0|6.64|9.445
493|1.93|0.77|2.8|10.64|2.0|2.0|9.87|8.635
494|2.19|5.68|4.05|16.19|2.0|3.0|8.45|8.828
495|1.02|2.93|3.28|0.83|3.0|4.0|5.69|10.679
496|1.04|0.66|2.45|19.83|4.0|2.0|6.16|5.334
497|1.54|1.14|2.12|24.24|3.0|1.0|8.22|8.038
498|1.61|3.59|2.85|0.03|3.0|2.0|7.92|7.059
499|0.1|1.65|3.24|6.94|3.0|2.0|8.66|7.919
500|1.15|1.29|3.04|5.0|2.0|2.0|9.07|7.922
501|1.17|2.51|2.07|4.19|2.0|5.0|8.08|10.95
502|1.39|0.41|2.12|1.06|3.0|3.0|5.85|8.993
503|1.16|0.46|3.94|2.71|3.0|4.0|8.37|10.473
504|0.91|0.97|3.27|4.85|4.0|2.0|6.03|8.65
505|3.34|0.58|2.1|1.84|2.0|2.0|7.16|11.039
506|0.55|3.37|2.6|4.88|2.0|4.0|9.89|6.479
507|5.53|1.26|3.4|7.22|2.0|2.0|10.46|9.64
508|4.9|0.13|3.8|2.01|3.0|2.0|7.16|11.872
509|1.04|5.81|3.33|3.16|4.0|4.0|7.22|11.74
510|0.35|0.19|3.56|1.56|1.0|2.0|4.61|8.25
511|0.47|0.12|3.17|0.72|3.0|2.0|7.37|6.91
512|0.9|0.41|2.74|0.82|2.0|2.0|7.21|9.002
513|2.41|2.24|2.55|15.81|3.0|3.0|5.7|11.629
514|0.41|0.5|3.13|17.31|2.0|3.0|6.35|7.522
515|0.76|0.0|2.62|5.43|3.0|2.0|6.47|9.95
516|0.31|3.91|3.8|4.64|3.0|3.0|8.01|8.455
517|8.2|2.93|2.53|0.72|2.0|1.0|6.49|8.111
518|0.84|1.92|1.76|1.7|4.0|3.0|8.43|8.91
519|1.05|2.57|2.01|0.79|4.0|3.0|5.25|10.547
520|1.58|0.22|3.21|7.43|2.0|3.0|8.32|9.013
521|0.83|1.61|3.76|3.9|2.0|4.0|8.47|9.301
522|1.03|1.27|3.89|4.92|3.0|3.0|6.48|9.679
523|7.56|4.94|3.34|5.4|3.0|1.0|8.86|10.267
524|1.29|0.36|4.67|3.9|4.0|1.0|7.25|10.099
525|4.62|3.91|3.77|0.45|2.0|1.0|8.27|10.317
526|0.31|2.75|2.39|15.53|3.0|3.0|5.89|7.388
527|1.72|4.38|3.48|12.13|3.0|1.0|6.29|8.043
528|3.56|7.52|2.18|1.02|3.0|2.0|5.84|9.838
529|1.38|3.32|1.06|8.38|2.0|2.0|7.73|9.969
530|1.09|0.82|2.9|5.05|2.0|2.0|6.85|9.122
531|0.47|0.23|3.65|0.8|3.0|4.0|6.68|7.916
532|0.78|1.28|4.72|3.92|2.0|3.0|5.18|10.31
533|4.69|0.11|5.25|3.26|2.0|2.0|7.53|8.373
534|3.11|0.08|2.52|0.45|3.0|1.0|8.17|10.476
535|4.32|0.16|3.37|3.66|3.0|4.0|9.5|10.061
536|4.13|2.38|4.51|2.45|2.0|3.0|9.55|7.5
537|3.16|5.0|4.55|15.13|2.0|3.0|2.56|9.439
538|1.44|0.65|3.47|7.96|2.0|2.0|6.31|10.733
539|4.21|8.03|4.02|7.54|4.0|1.0|8.97|10.058
540|0.8|3.87|1.7|6.32|4.0|2.0|5.26|6.527
541|0.18|0.59|1.84|1.15|3.0|3.0|8.74|7.085
542|0.5|0.94|2.34|8.37|2.0|3.0|7.0|6.892
543|13.33|0.32|3.5|2.49|2.0|3.0|9.77|11.875
544|0.66|1.12|2.97|0.64|1.0|2.0|8.29|8.533
545|0.95|1.85|2.96|0.37|3.0|2.0|6.91|8.58
546|2.76|3.35|2.3|0.03|4.0|3.0|9.98|10.245
547|0.66|0.68|3.13|2.53|4.0|2.0|8.61|9.272
548|0.43|2.29|1.7|6.83|4.0|2.0|3.37|9.115
549|0.24|2.0|2.71|10.93|3.0|1.0|5.48|8.866
550|0.04|0.05|3.22|1.32|4.0|4.0|9.21|8.762
551|3.19|3.78|4.73|4.07|3.0|2.0|8.99|6.425
552|0.19|2.2|3.1|3.03|1.0|2.0|8.14|11.456
553|2.39|1.32|3.61|1.65|3.0|2.0|7.78|8.651
554|3.22|0.75|2.42|5.55|2.0|3.0|6.66|10.497
555|0.63|3.08|2.79|3.11|2.0|3.0|10.22|7.987
556|0.65|1.08|4.12|1.3|2.0|4.0|8.08|9.744
557|0.47|5.23|3.26|1.49|2.0|3.0|11.06|8.592
558|2.3|1.23|2.74|12.81|2.0|2.0|4.08|10.93
559|0.9|2.74|2.2|6.25|2.0|3.0|4.64|5.703
560|3.79|0.2|3.95|0.81|3.0|3.0|4.07|10.08
561|0.12|4.61|2.87|10.47|2.0|3.0|7.9|9.487
562|1.96|0.74|4.23|2.85|4.0|2.0|8.47|8.452
563|4.75|0.56|3.84|14.33|4.0|2.0|8.42|7.733
564|0.38|0.15|2.53|3.98|2.0|3.0|4.35|10.171
565|0.37|1.24|4.08|3.12|3.0|3.0|5.34|8.076
566|3.49|1.41|1.27|4.32|2.0|3.0|5.88|8.444
567|0.85|1.14|2.53|2.04|3.0|2.0|5.71|7.718
568|7.36|1.0|2.92|1.27|2.0|3.0|11.04|9.402
569|2.09|0.84|4.04|2.47|4.0|4.0|9.01|10.784
570|4.2|0.75|2.54|3.71|3.0|2.0|8.28|6.37
571|1.71|1.96|3.55|2.43|2.0|3.0|9.87|8.073
572|0.85|2.42|2.74|0.37|2.0|3.0|8.27|11.083
573|3.06|0.25|4.53|0.33|2.0|1.0|7.78|7.579
574|5.01|1.26|4.54|0.6|2.0|2.0|4.62|6.366
575|1.67|2.6|1.97|7.26|2.0|5.0|7.88|7.565
576|2.73|2.76|3.25|0.11|3.0|3.0|3.8|7.718
577|0.52|1.1|3.8|1.22|1.0|3.0|8.14|7.757
578|1.79|2.33|4.2|11.39|3.0|3.0|6.4|9.452
579|11.97|1.14|4.72|0.12|2.0|2.0|3.37|8.97
580|1.01|0.64|2.11|7.06|3.0|3.0|4.69|7.785
581|7.55|4.32|2.47|1.97|2.0|3.0|8.9|9.647
582|6.67|6.99|2.53|11.95|4.0|4.0|4.58|10.867
583|1.32|0.63|2.9|6.96|2.0|2.0|7.84|6.567
584|0.02|2.13|3.22|7.52|2.0|3.0|7.37|10.786
585|3.63|2.17|3.63|18.67|2.0|2.0|6.63|11.24
586|2.89|0.3|3.82|8.74|4.0|2.0|7.25|10.162
587|10.86|0.12|5.03|0.41|4.0|2.0|7.6|7.592
588|0.04|3.93|4.07|2.27|3.0|2.0|3.31|7.959
589|2.61|0.12|1.83|2.68|4.0|4.0|5.75|6.695
590|1.76|3.64|1.23|5.2|2.0|4.0|7.07|9.358
591|0.75|1.58|2.22|0.79|3.0|3.0|6.2|7.273
592|1.49|0.15|1.85|6.34|4.0|2.0|9.03|11.85
593|1.37|1.37|3.2|0.01|2.0|2.0|4.83|5.256
594|1.15|0.27|3.29|7.68|3.0|2.0|6.48|8.902
595|2.75|0.32|3.34|1.5|3.0|2.0|8.63|7.214
596|0.36|0.18|3.36|9.78|1.0|2.0|8.2|6.775
597|3.04|0.48|3.92|7.46|3.0|2.0|7.58|8.103
598|0.74|5.51|2.58|7.0|2.0|3.0|5.92|11.071
599|1.65|3.03|4.05|6.99|3.0|3.0|8.09|9.368
600|5.12|0.17|1.54|11.14|3.0|4.0|9.03|8.642
601|1.85|1.04|3.37|14.87|3.0|2.0|4.82|8.054
602|3.59|0.15|3.63|0.69|2.0|3.0|8.24|11.134
603|1.15|0.41|2.62|2.97|2.0|4.0|6.86|8.176
604|0.62|1.28|3.25|7.82|1.0|4.0|7.63|7.226
605|0.72|2.25|2.77|3.48|2.0|2.0|9.92|7.828
606|0.48|0.34|3.47|0.9|2.0|1.0|7.49|9.973
607|1.04|2.11|4.28|18.56|4.0|2.0|5.43|7.03
608|2.34|2.88|1.67|6.47|4.0|3.0|6.84|10.903
609|5.25|3.33|2.49|2.4|3.0|2.0|8.1|9.088
610|5.65|5.67|3.89|0.15|5.0|3.0|7.7|9.008
611|0.29|4.34|3.38|0.58|3.0|4.0|8.19|8.301
612|6.09|3.13|3.49|12.71|4.0|3.0|3.3|7.467
613|2.15|1.12|3.07|2.9|2.0|2.0|5.97|8.869
614|2.2|2.19|2.43|1.8|4.0|2.0|7.24|9.488
615|2.76|0.59|4.35|6.31|2.0|2.0|11.41|7.738
616|15.78|1.04|3.89|7.01|2.0|2.0|6.91|6.833
617|2.14|5.56|2.11|6.12|2.0|3.0|4.09|5.989
618|3.48|0.73|1.77|7.06|2.0|5.0|6.97|7.98
619|0.53|4.06|1.58|1.02|3.0|2.0|8.31|7.678
620|7.25|0.09|2.14|7.91|4.0|2.0|9.23|7.072
621|0.37|0.06|2.26|7.41|3.0|3.0|5.93|6.005
622|1.17|0.79|2.68|5.56|2.0|4.0|3.4|8.487
623|7.44|3.02|2.94|4.06|1.0|3.0|8.48|11.145
624|0.77|5.04|2.69|0.98|3.0|3.0|5.29|8.667
625|2.57|2.06|4.06|2.48|4.0|2.0|11.01|9.539
626|0.66|0.1|2.04|3.79|2.0|3.0|6.31|7.415
627|2.34|3.75|0.9|3.9|2.0|2.0|7.03|9.622
628|0.89|0.17|1.32|1.56|2.0|2.0|7.0|7.237
629|3.6|3.15|2.81|1.55|3.0|2.0|9.27|6.957
630|0.33|0.52|3.0|2.55|4.0|2.0|7.46|6.808
631|0.11|1.38|3.04|1.26|3.0|2.0|6.21|7.585
632|0.55|3.73|2.77|9.96|4.0|3.0|4.85|7.634
633|1.33|2.41|2.15|3.27|3.0|2.0|5.19|7.679
634|0.72|1.64|3.22|3.84|1.0|1.0|9.92|8.53
635|2.1|1.34|1.9|1.23|3.0|2.0|8.34|9.003
636|0.11|3.61|3.93|6.9|3.0|2.0|10.5|9.136
637|0.47|0.31|3.98|2.05|3.0|1.0|9.45|8.063
638|0.54|6.7|1.95|0.71|2.0|2.0|10.33|11.716
639|3.01|1.24|1.62|18.65|3.0|4.0|7.81|8.985
640|2.55|0.5|4.39|10.02|2.0|2.0|8.44|9.05
641|2.02|2.04|4.45|2.88|4.0|2.0|10.13|7.029
642|8.4|4.01|2.51|2.43|2.0|3.0|9.93|8.898
643|2.76|0.71|3.41|13.06|3.0|3.0|5.86|6.786
644|3.95|0.06|3.68|10.68|2.0|3.0|7.89|9.337
645|0.61|0.73|4.75|0.91|2.0|2.0|2.64|5.992
646|0.51|1.78|1.57|1.31|1.0|2.0|7.26|9.506
647|8.54|2.87|3.3|0.24|3.0|2.0|5.27|9.02
648|1.37|0.47|4.15|5.87|2.0|3.0|8.15|6.67
649|0.36|3.6|4.13|10.92|3.0|4.0|6.5|11.561
650|1.38|4.45|3.74|0.4|2.0|2.0|10.36|9.199
651|8.07|1.96|3.08|2.91|2.0|2.0|6.22|8.056
652|4.07|0.47|1.43|5.67|3.0|4.0|6.69|10.002
653|0.03|0.58|1.4|2.32|3.0|3.0|7.03|5.298
654|0.34|3.94|3.3|11.37|2.0|2.0|6.02|9.846
655|0.47|4.74|1.73|1.52|2.0|4.0|8.14|10.625
656|1.67|2.08|2.98|14.57|2.0|2.0|8.83|11.101
657|2.37|2.47|3.61|6.32|2.0|4.0|3.81|7.288
658|6.23|1.39|4.43|1.81|4.0|2.0|10.1|9.031
659|6.85|0.3|1.62|5.16|1.0|3.0|7.33|11.481
660|0.65|1.48|2.11|1.96|3.0|2.0|4.86|10.601
661|0.44|3.45|2.89|1.88|4.0|1.0|6.77|8.168
662|0.22|2.29|1.81|4.73|4.0|1.0|5.67|9.932
663|2.11|3.82|1.72|1.02|4.0|2.0|6.25|9.958
664|5.63|1.16|2.92|3.85|2.0|1.0|6.61|7.895
665|3.09|3.07|3.64|0.1|3.0|2.0|7.81|10.534
666|5.37|0.5|1.85|0.68|4.0|1.0|8.62|8.821
667|1.12|1.32|1.55|0.28|2.0|3.0|9.51|7.687
668|0.9|0.55|3.66|0.13|2.0|1.0|8.11|9.772
669|3.25|0.87|3.23|4.08|3.0|5.0|10.95|9.207
670|0.43|5.13|3.14|0.4|3.0|5.0|7.87|9.496
671|0.72|2.36|3.12|1.32|2.0|1.0|11.28|7.993
672|2.83|1.23|2.9|6.14|4.0|3.0|5.74|8.822
673|0.49|1.31|3.64|16.89|4.0|3.0|6.48|9.409
674|2.12|1.92|3.28|0.15|2.0|2.0|6.57|8.781
675|2.57|3.56|1.26|3.47|3.0|4.0|8.82|11.757
676|4.2|1.92|3.79|4.78|3.0|3.0|9.09|9.458
677|0.54|0.83|4.4|4.14|1.0|1.0|6.37|7.673
678|1.84|4.08|3.58|0.61|4.0|3.0|8.13|8.074
679|1.43|0.42|2.34|12.96|3.0|3.0|6.84|10.718
680|0.83|1.16|2.38|9.79|3.0|3.0|8.28|6.134
681|7.27|2.51|2.07|0.32|4.0|1.0|9.11|10.262
682|1.36|4.41|1.21|4.1|4.0|2.0|6.66|9.888
683|0.71|2.43|2.81|2.44|2.0|2.0|6.38|7.325
684|1.93|3.35|2.72|0.11|2.0|1.0|9.52|10.223
685|0.44|0.89|2.72|10.4|3.0|3.0|7.41|11.023
686|1.36|2.04|4.11|3.99|3.0|5.0|2.58|10.825
687|1.26|2.94|4.64|8.89|2.0|2.0|7.42|7.522
688|0.92|0.19|4.68|1.91|2.0|2.0|8.96|10.418
689|5.04|0.42|3.04|3.5|4.0|2.0|8.71|7.068
690|1.15|2.37|1.4|9.57|4.0|3.0|5.95|10.149
691|0.92|0.65|3.35|3.3|4.0|2.0|3.63|9.931
692|1.0|2.28|2.04|5.2|2.0|3.0|13.01|5.952
693|1.45|1.43|3.45|12.64|2.0|3.0|7.52|11.381
694|1.53|3.42|2.86|2.75|2.0|1.0|11.77|6.321
695|0.97|0.18|4.42|4.51|2.0|2.0|9.79|9.915
696|5.09|1.34|1.82|0.74|3.0|3.0|10.32|7.868
697|0.55|4.16|3.32|12.67|2.0|4.0|9.03|9.429
698|1.04|0.92|3.13|17.35|2.0|3.0|5.68|8.888
699|0.08|4.24|3.0|0.75|4.0|3.0|6.24|8.137
700|0.2|0.46|1.51|3.71|2.0|2.0|7.59|11.552
701|1.37|0.75|0.69|2.49|2.0|2.0|8.77|10.312
702|2.96|0.88|2.62|31.5|5.0|2.0|6.96|8.067
703|1.53|0.46|2.93|9.13|4.0|3.0|8.73|9.741
704|1.0|5.51|2.72|1.08|2.0|2.0|8.1|6.548
705|1.05|0.1|3.42|8.12|2.0|2.0|5.83|7.224
706|6.37|3.52|3.9|4.17|2.0|2.0|7.24|10.329
707|3.72|0.52|3.48|2.09|2.0|2.0|6.89|6.407
708|12.67|0.52|2.82|7.59|2.0|3.0|7.12|8.953
709|0.06|2.19|3.72|15.18|2.0|3.0|5.47|7.98
710|0.76|2.67|3.21|8.83|2.0|5.0|7.09|11.41
711|2.37|0.58|2.87|1.15|2.0|3.0|4.32|9.933
712|0.25|5.24|3.08|9.86|3.0|2.0|6.99|8.648
713|3.25|1.34|2.54|7.9|4.0|2.0|9.98|10.189
714|0.6|2.42|2.6|8.86|4.0|3.0|5.1|10.91
715|2.32|1.1|3.55|7.68|4.0|4.0|6.15|8.952
716|0.43|0.78|2.93|7.78|1.0|3.0|6.15|9.678
717|1.82|0.2|1.68|0.37|3.0|4.0|6.93|10.364
718|2.72|15.82|1.92|5.04|2.0|3.0|9.15|8.856
719|0.59|2.58|2.9|11.6|2.0|3.0|11.2|9.035
720|1.89|3.75|2.98|6.46|3.0|2.0|4.28|7.215
721|1.8|2.09|3.72|8.24|3.0|3.0|8.46|9.004
722|3.12|0.64|4.9|4.12|2.0|3.0|6.9|7.339
723|4.24|2.9|3.36|9.19|2.0|3.0|8.77|7.157
724|1.29|0.77|3.65|5.13|2.0|3.0|7.35|6.285
725|0.43|4.38|2.77|2.0|5.0|3.0|6.42|9.153
726|0.6|1.11|1.17|4.33|3.0|3.0|3.64|6.738
727|0.22|3.85|5.21|0.03|4.0|4.0|8.22|5.139
728|0.58|4.8|3.24|30.74|2.0|2.0|9.53|8.821
729|0.35|3.15|4.61|2.46|2.0|2.0|6.12|7.289
730|2.0|3.07|3.1|5.53|2.0|3.0|4.28|10.003
731|1.36|2.86|3.23|0.24|2.0|2.0|4.97|10.579
732|0.19|1.75|2.53|5.23|2.0|1.0|10.42|9.467
733|3.18|2.28|2.74|3.3|2.0|2.0|7.43|9.256
734|1.49|5.56|2.14|12.4|3.0|1.0|8.69|8.114
735|4.36|0.01|2.79|3.1|2.0|2.0|6.04|10.596
736|3.25|0.29|2.7|11.75|3.0|2.0|6.2|9.58
737|1.32|1.13|4.03|0.53|3.0|3.0|12.13|6.968
738|0.04|4.48|2.65|0.93|3.0|4.0|7.55|10.852
739|3.08|2.78|3.38|5.5|2.0|2.0|7.52|9.509
740|0.22|1.08|3.64|1.07|3.0|2.0|7.75|7.348
741|4.19|0.95|3.34|5.04|2.0|4.0|7.45|8.445
742|0.27|1.5|2.41|20.87|3.0|1.0|6.79|11.46
743|0.97|0.79|1.68|0.87|2.0|2.0|6.18|9.754
744|1.7|8.03|2.62|22.2|3.0|4.0|8.21|7.138
745|0.42|1.97|3.17|14.84|2.0|2.0|8.29|10.869
746|5.05|2.59|4.46|0.98|4.0|3.0|8.29|10.918
747|1.56|1.54|3.48|3.87|3.0|2.0|6.89|7.591
748|1.6|3.66|3.01|1.0|1.0|4.0|5.52|10.401
749|3.35|1.25|4.95|0.9|2.0|3.0|5.16|7.241
750|5.29|3.66|3.3|1.26|2.0|4.0|6.49|9.129
751|7.31|3.42|3.18|16.23|2.0|3.0|5.91|9.034
752|1.03|8.17|3.26|2.93|3.0|4.0|3.77|9.883
753|0.23|1.7|2.48|3.27|4.0|3.0|8.29|10.448
754|3.85|2.04|3.15|0.93|3.0|4.0|8.35|9.498
755|0.46|2.08|2.64|0.98|4.0|1.0|9.18|10.365
756|1.12|1.96|3.06|5.91|2.0|2.0|4.36|10.779
757|0.25|1.77|1.89|0.27|4.0|3.0|2.56|9.265
758|1.78|4.01|3.22|18.34|1.0|5.0|6.39|10.403
759|1.97|1.34|2.59|1.78|3.0|3.0|7.48|8.995
760|1.96|0.96|2.37|7.49|2.0|2.0|6.87|9.56
761|1.34|0.72|0.29|7.33|2.0|3.0|8.29|5.707
762|1.05|0.05|5.8|1.48|2.0|3.0|6.73|10.624
763|7.81|0.29|1.76|8.66|2.0|1.0|6.49|8.415
764|1.12|2.68|1.35|5.21|3.0|3.0|7.05|7.241
765|0.74|2.21|2.52|2.14|2.0|2.0|6.06|9.397
766|7.2|4.22|0.98|1.36|2.0|2.0|9.36|9.14
767|8.33|0.13|3.35|2.47|2.0|2.0|6.98|10.736
768|2.22|7.55|2.31|0.26|2.0|2.0|7.25|10.389
769|2.57|0.24|3.25|0.63|4.0|3.0|7.06|10.183
770|3.41|0.23|4.16|0.01|4.0|2.0|8.8|9.913
771|3.33|1.79|2.42|0.72|1.0|3.0|9.91|10.261
772|0.9|1.37|1.81|2.91|4.0|3.0|5.65|9.27
773|1.08|1.62|3.38|0.46|2.0|4.0|7.25|6.241
774|0.13|7.12|3.85|9.68|3.0|3.0|6.34|9.116
775|1.3|5.13|3.14|22.8|2.0|3.0|6.25|8.918
776|4.25|0.42|2.42|3.14|3.0|2.0|6.7|9.42
777|1.46|4.05|1.96|1.04|1.0|2.0|6.87|7.379
778|0.88|1.47|3.25|8.11|3.0|2.0|7.48|9.728
779|0.22|1.99|2.93|1.58|4.0|2.0|8.43|6.375
780|0.62|1.57|3.5|8.43|4.0|2.0|10.75|9.594
781|6.62|1.35|3.21|16.26|2.0|5.0|3.81|9.296
782|5.2|3.22|2.11|3.28|3.0|4.0|9.08|5.598
783|3.59|3.16|3.54|0.34|4.0|3.0|9.0|9.172
784|1.43|1.3|3.58|5.6|3.0|4.0|8.35|10.692
785|1.02|0.92|2.64|1.06|4.0|4.0|6.1|7.221
786|2.53|0.12|3.17|0.07|3.0|2.0|10.03|7.734
787|1.63|2.03|3.7|23.03|4.0|3.0|6.66|9.157
788|1.52|7.55|2.53|4.89|2.0|2.0|6.93|9.381
789|0.16|2.79|2.3|1.96|4.0|2.0|7.53|8.242
790|4.99|0.15|2.96|0.63|2.0|2.0|6.68|6.702
791|1.53|2.44|2.2|3.55|3.0|3.0|4.43|8.155
792|3.02|0.25|4.9|0.32|2.0|1.0|7.61|10.844
793|0.26|1.98|4.41|15.22|2.0|2.0|7.19|11.86
794|1.83|2.51|3.19|13.35|4.0|3.0|7.16|7.525
795|4.87|1.42|2.87|13.71|3.0|4.0|7.4|8.621
796|2.98|3.15|3.55|0.94|3.0|1.0|6.26|9.902
797|9.84|0.16|2.92|0.12|3.0|4.0|3.88|9.951
798|6.54|0.54|0.43|3.41|3.0|2.0|2.25|10.026
799|2.63|4.45|2.5|1.48|2.0|4.0|5.65|6.704
800|2.05|4.67|0.64|4.63|4.0|4.0|7.0|9.353
801|12.28|5.02|2.5|15.1|3.0|1.0|6.81|9.784
802|0.85|0.24|3.13|1.5|2.0|4.0|8.82|9.666
803|5.07|4.76|3.05|2.03|1.0|2.0|9.32|6.632
804|7.84|1.8|4.49|4.23|4.0|1.0|6.31|8.849
805|0.95|0.14|3.37|9.71|2.0|2.0|6.49|8.094
806|4.96|0.33|3.5|1.65|3.0|3.0|7.19|6.123
807|3.43|3.21|1.7|4.27|4.0|3.0|6.85|9.796
808|3.52|2.1|3.18|4.84|2.0|4.0|9.37|9.917
809|9.64|1.86|4.75|12.73|4.0|5.0|11.03|5.047
810|1.4|1.45|3.44|2.13|2.0|2.0|6.38|10.441
811|4.02|2.75|2.45|0.1|2.0|3.0|5.46|9.305
812|4.5|0.21|3.68|26.75|2.0|3.0|6.74|10.996
813|1.73|0.76|2.37|7.84|3.0|4.0|8.22|10.283
814|3.05|1.23|5.04|2.31|3.0|3.0|8.41|10.15
815|2.3|6.27|3.32|24.23|2.0|2.0|4.75|8.941
816|0.37|15.44|1.55|2.8|2.0|3.0|7.74|10.618
817|0.33|0.16|4.0|8.07|2.0|2.0|10.57|9.959
818|0.87|1.42|2.2|3.04|4.0|2.0|3.25|9.087
819|2.08|1.24|2.89|1.36|4.0|2.0|10.34|9.108
820|4.92|0.39|2.62|0.12|1.0|3.0|7.48|5.569
821|2.27|0.73|1.66|1.05|3.0|3.0|3.51|10.117
822|5.75|0.55|2.67|0.95|2.0|2.0|9.06|8.26
823|0.85|1.31|2.67|3.63|3.0|3.0|5.7|8.83
824|0.29|8.25|3.37|5.25|4.0|3.0|7.5|10.102
825|1.8|5.04|4.88|0.04|3.0|1.0|7.07|9.536
826|5.85|9.02|3.16|7.92|2.0|2.0|3.26|10.142
827|0.25|4.07|3.66|1.74|4.0|2.0|4.49|8.667
828|4.13|2.74|3.11|1.21|2.0|3.0|6.49|9.691
829|0.62|1.06|3.1|1.68|2.0|5.0|5.66|11.05
830|5.27|2.39|3.61|6.78|5.0|4.0|5.11|9.974
831|1.77|0.51|2.03|4.03|2.0|2.0|10.44|7.481
832|1.02|0.29|3.0|1.26|3.0|3.0|4.88|10.126
833|2.19|0.87|2.91|2.32|2.0|3.0|9.67|9.496
834|8.62|0.91|1.52|7.66|2.0|2.0|6.12|8.117
835|2.75|0.17|2.75|0.96|4.0|4.0|9.27|5.806
836|3.56|5.04|2.9|3.71|3.0|4.0|3.23|8.259
837|0.88|4.3|4.33|2.14|3.0|2.0|5.35|9.56
838|1.57|0.5|3.46|9.76|2.0|5.0|8.65|10.184
839|0.66|1.57|3.04|1.83|3.0|3.0|6.85|11.038
840|3.2|0.22|2.25|0.71|3.0|3.0|7.72|10.412
841|0.46|1.52|1.77|1.19|3.0|2.0|5.06|7.074
842|0.3|3.61|3.68|1.33|4.0|4.0|6.14|8.34
843|0.42|2.7|4.82|3.52|3.0|3.0|4.91|8.323
844|3.1|0.68|2.6|2.53|3.0|2.0|11.11|6.741
845|0.62|1.25|2.92|2.76|2.0|1.0|7.28|6.643
846|0.5|1.25|1.97|1.32|4.0|4.0|4.51|10.19
847|0.11|1.73|1.33|0.02|2.0|3.0|6.51|6.314
848|1.85|4.15|3.62|5.99|4.0|2.0|9.27|9.47
849|0.06|0.54|1.39|12.38|4.0|2.0|7.76|11.112
850|3.16|0.21|3.06|5.74|4.0|2.0|8.03|7.976
851|5.7|0.46|5.03|3.25|2.0|4.0|7.16|9.782
852|4.28|3.92|3.47|8.31|2.0|3.0|10.1|9.073
853|0.16|4.33|4.8|2.59|2.0|2.0|6.69|9.5
854|1.7|4.33|2.01|1.08|3.0|3.0|6.87|8.143
855|5.66|0.7|2.64|4.28|2.0|4.0|8.73|7.949
856|0.28|3.64|2.8|2.1|3.0|4.0|4.39|9.912
857|0.16|0.81|2.91|0.95|2.0|2.0|4.24|10.854
858|1.78|2.48|1.79|15.71|1.0|2.0|7.39|8.754
859|1.59|0.07|1.78|0.88|3.0|3.0|8.09|9.598
860|1.39|0.92|3.55|4.2|4.0|2.0|7.4|9.321
861|0.51|0.95|2.81|4.9|2.0|2.0|7.68|7.599
862|6.81|0.83|3.78|4.22|3.0|3.0|6.36|8.497
863|6.42|0.01|2.97|1.1|2.0|3.0|5.2|10.501
864|1.71|3.8|3.05|10.69|3.0|3.0|6.51|9.618
865|2.7|3.57|4.09|14.98|1.0|4.0|7.95|9.316
866|2.34|1.37|0.98|0.02|3.0|2.0|6.23|7.741
867|0.26|0.05|3.81|6.65|4.0|2.0|7.18|9.389
868|3.88|0.22|3.12|0.74|2.0|1.0|8.07|7.898
869|3.87|0.74|2.5|1.38|2.0|4.0|6.98|9.584
870|2.57|3.33|2.3|5.23|2.0|1.0|8.72|6.661
871|4.63|1.8|2.44|0.44|2.0|3.0|9.14|6.995
872|0.09|4.46|2.5|0.41|2.0|2.0|4.43|10.524
873|0.38|0.06|2.93|2.59|3.0|2.0|6.94|8.474
874|1.99|2.88|4.2|9.96|4.0|2.0|8.4|10.03
875|7.51|0.14|2.44|2.71|2.0|3.0|5.51|8.776
876|2.19|1.14|2.49|5.18|2.0|3.0|4.39|8.919
877|1.1|0.03|4.74|2.09|3.0|4.0|12.76|9.571
878|0.37|0.84|2.77|2.23|4.0|2.0|6.24|6.416
879|1.1|4.01|3.8|5.83|3.0|2.0|6.22|10.613
880|2.63|0.06|1.9|9.49|2.0|1.0|7.1|6.514
881|0.13|2.28|1.54|2.11|4.0|3.0|6.78|8.519
882|5.78|1.38|2.86|1.56|2.0|2.0|6.88|9.62
883|1.98|1.27|2.43|2.94|3.0|3.0|4.42|7.937
884|2.35|1.74|2.82|2.55|4.0|4.0|9.77|9.253
885|3.48|0.5|2.41|3.21|2.0|2.0|1.71|8.364
886|1.8|2.21|3.82|0.36|2.0|2.0|6.37|8.194
887|2.58|5.41|2.93|2.09|2.0|2.0|4.55|6.175
888|6.77|3.03|3.63|12.55|2.0|3.0|10.35|8.731
889|4.35|0.1|2.77|10.9|1.0|3.0|7.55|9.294
890|1.33|2.96|3.54|7.68|4.0|3.0|3.51|10.118
891|0.26|1.47|2.97|2.96|2.0|2.0|7.8|9.914
892|1.26|4.86|2.27|1.22|1.0|3.0|6.83|9.766
893|1.93|6.9|1.84|0.49|4.0|2.0|6.67|7.407
894|0.64|0.55|1.41|4.81|2.0|3.0|5.04|5.987
895|0.56|1.57|3.75|4.35|3.0|1.0|4.35|10.843
896|2.64|0.48|1.62|5.34|4.0|4.0|10.24|9.259
897|3.44|4.17|4.92|16.37|4.0|2.0|3.73|7.224
898|0.66|5.5|2.33|4.98|2.0|4.0|8.64|9.605
899|0.22|1.4|2.48|0.3|4.0|2.0|3.02|9.327
900|1.52|3.66|3.63|2.86|2.0|5.0|7.48|10.098
901|0.25|5.07|1.82|3.5|2.0|1.0|4.35|7.269
902|0.31|4.6|1.56|9.44|2.0|4.0|6.7|7.786
903|7.03|0.09|2.0|3.7|3.0|4.0|2.66|8.541
904|3.54|1.05|2.63|10.86|2.0|2.0|3.08|8.219
905|1.54|4.39|0.23|0.37|4.0|2.0|6.12|9.671
906|0.62|2.32|3.57|12.27|4.0|4.0|6.66|9.144
907|5.14|6.31|3.16|1.05|3.0|3.0|6.24|10.13
908|1.33|2.04|2.29|1.96|3.0|2.0|8.38|9.441
909|7.29|0.02|3.39|2.4|2.0|2.0|6.43|9.402
910|0.63|1.62|2.55|3.95|3.0|2.0|5.13|8.787
911|1.45|1.34|1.47|2.86|4.0|3.0|8.74|5.319
912|2.83|2.47|4.66|1.74|3.0|1.0|9.07|10.462
913|0.27|0.31|4.28|3.25|3.0|2.0|7.65|8.214
914|5.88|0.4|3.21|9.86|3.0|2.0|10.11|7.536
915|5.78|4.04|1.41|0.96|2.0|5.0|7.63|9.19
916|0.83|0.0|2.66|1.87|3.0|1.0|7.16|8.246
917|0.96|0.75|3.54|7.52|2.0|2.0|4.97|9.687
918|0.45|5.84|4.05|7.41|3.0|2.0|11.55|8.887
919|0.6|0.19|0.79|16.95|3.0|3.0|8.96|10.297
920|1.73|0.38|5.61|1.94|2.0|4.0|5.03|5.585
921|2.11|2.43|3.09|4.42|3.0|2.0|6.22|7.025
922|8.76|0.89|1.95|0.09|2.0|3.0|7.39|9.581
923|1.75|5.34|3.88|14.96|1.0|3.0|8.79|10.374
924|0.25|0.17|2.18|1.01|2.0|3.0|9.01|6.785
925|15.02|3.19|2.88|1.4|2.0|3.0|6.38|7.99
926|0.68|0.31|4.02|5.14|3.0|2.0|10.45|8.989
927|1.47|0.55|2.26|2.9|2.0|2.0|4.76|6.413
928|3.0|0.01|3.05|0.89|3.0|3.0|9.43|10.624
929|0.15|1.67|2.78|26.68|2.0|3.0|6.31|8.638
930|7.78|6.23|1.77|1.91|3.0|2.0|5.66|10.977
931|1.57|0.18|2.04|0.9|2.0|2.0|7.83|8.98
932|3.65|0.78|2.15|0.22|3.0|2.0|9.03|11.113
933|0.89|1.33|3.79|11.27|3.0|4.0|5.3|9.262
934|0.31|0.97|2.89|1.26|2.0|3.0|8.8|7.488
935|0.2|1.15|2.7|1.89|2.0|4.0|4.01|9.64
936|1.89|5.06|3.09|3.68|3.0|3.0|3.79|8.544
937|7.35|0.5|2.6|0.12|2.0|3.0|4.72|8.224
938|1.72|0.34|4.21|4.65|2.0|2.0|6.25|6.124
939|3.66|0.7|3.28|1.14|3.0|2.0|6.39|9.086
940|1.22|0.1|1.32|1.82|1.0|3.0|7.13|6.767
941|0.15|0.79|3.75|0.17|4.0|3.0|5.92|7.313
942|4.19|0.08|4.24|2.84|2.0|4.0|4.57|5.61
943|0.73|10.6|2.2|4.28|2.0|3.0|6.57|9.669
944|2.87|0.51|4.47|0.84|4.0|2.0|4.69|11.392
945|2.14|0.96|3.35|0.44|3.0|2.0|10.34|9.749
946|0.31|0.27|4.06|0.77|4.0|3.0|2.6|9.014
947|0.33|5.1|3.11|10.74|3.0|4.0|5.17|10.978
948|3.1|0.18|3.48|6.51|3.0|2.0|8.41|9.187
949|2.89|0.13|2.46|2.2|4.0|3.0|12.87|11.413
950|1.98|3.0|3.78|4.66|1.0|2.0|8.02|9.12
951|0.45|0.98|3.07|12.34|3.0|3.0|6.05|10.66
952|3.35|3.49|1.98|0.0|2.0|4.0|7.49|10.226
953|4.47|0.35|2.51|4.89|3.0|3.0|2.45|8.228
954|8.01|1.42|1.93|0.56|4.0|3.0|4.95|7.757
955|3.17|2.36|0.68|0.88|2.0|2.0|4.45|11.337
956|1.03|4.58|3.17|1.71|2.0|4.0|6.29|10.755
957|3.73|2.05|2.52|0.92|3.0|3.0|6.02|11.07
958|0.05|7.0|1.96|6.49|5.0|2.0|7.0|9.666
959|1.88|1.88|4.41|1.17|4.0|2.0|9.04|9.571
960|5.54|1.04|2.76|27.02|2.0|4.0|7.75|7.497
961|4.98|5.16|2.26|0.46|2.0|2.0|6.37|8.438
962|1.98|0.2|2.97|0.36|3.0|2.0|7.27|8.03
963|0.03|0.47|2.37|0.8|2.0|3.0|6.74|8.755
964|1.17|4.23|3.94|0.82|2.0|3.0|6.66|8.727
965|1.18|1.58|3.89|0.6|3.0|3.0|7.41|11.041
966|2.35|3.7|2.72|25.8|1.0|2.0|6.7|10.612
967|2.6|2.32|3.62|15.12|2.0|4.0|6.37|11.577
968|0.41|1.8|1.45|9.63|2.0|2.0|8.05|9.481
969|1.46|1.22|4.15|1.8|2.0|1.0|3.8|11.259
970|0.74|1.21|3.36|2.42|2.0|2.0|6.62|10.769
971|4.03|2.56|2.73|2.06|3.0|4.0|6.13|8.463
972|0.18|2.53|3.89|3.65|2.0|2.0|7.09|6.071
973|0.3|0.19|3.14|0.92|2.0|2.0|6.4|7.333
974|1.07|1.38|2.88|1.21|3.0|4.0|3.79|9.166
975|3.56|0.28|4.57|2.32|2.0|2.0|9.64|5.179
976|2.27|0.74|2.3|6.23|2.0|1.0|3.08|8.478
977|1.26|1.13|3.98|1.56|3.0|2.0|9.45|6.672
978|1.82|1.42|2.65|0.0|4.0|3.0|7.97|6.054
979|0.77|0.6|1.34|1.39|1.0|2.0|10.22|9.774
980|4.23|1.45|2.79|5.73|2.0|2.0|8.77|9.484
981|2.91|1.37|3.66|7.95|3.0|2.0|7.07|7.641
982|4.81|3.68|4.23|6.33|2.0|3.0|3.73|9.431
983|1.69|2.16|3.49|1.49|4.0|1.0|3.77|8.441
984|2.87|0.5|3.78|10.82|4.0|2.0|8.29|6.783
985|4.6|0.05|2.59|1.22|4.0|3.0|5.45|10.425
986|2.35|2.11|4.2|0.29|3.0|2.0|3.26|10.366
987|0.13|0.06|1.28|14.41|2.0|2.0|9.96|10.561
988|4.5|1.68|2.81|0.07|4.0|2.0|8.17|10.874
989|1.84|0.31|4.1|6.53|3.0|2.0|6.37|7.669
990|0.88|1.74|3.94|1.98|3.0|4.0|6.27|11.743
991|1.35|0.03|2.6|9.42|3.0|2.0|8.05|9.764
992|4.08|2.16|3.52|8.75|2.0|2.0|5.51|8.425
993|2.29|2.37|1.3|0.67|2.0|2.0|6.89|7.314
994|0.73|1.77|2.72|3.95|2.0|1.0|8.39|9.261
995|8.97|1.27|1.51|8.81|2.0|3.0|8.57|8.43
996|0.09|3.07|0.83|0.21|3.0|2.0|8.85|8.3
997|0.46|1.82|3.69|4.86|4.0|3.0|8.08|10.535
998|2.74|1.21|2.93|3.46|4.0|3.0|5.87|9.186
999|2.72|0.74|3.91|20.53|3.0|3.0|3.8|8.699
